dateDecision;decisionDirection
11/18/1946;1.6666666666666667
11/25/1946;1.75
12/9/1946;1.5555555555555556
12/16/1946;1.6666666666666667
12/23/1946;1.5
1/6/1947;1.8333333333333333
1/13/1947;1.4
1/20/1947;1.75
2/3/1947;1.8571428571428572
2/10/1947;1.0
2/17/1947;1.0
3/3/1947;1.5
3/6/1947;1.0
3/10/1947;1.7777777777777777
3/17/1947;2.0
3/31/1947;1.2857142857142858
4/7/1947;1.4
4/14/1947;1.4
4/28/1947;1.6
5/5/1947;1.6
5/12/1947;1.5
5/19/1947;2.0
6/2/1947;1.3333333333333333
6/9/1947;1.5
6/16/1947;1.6666666666666667
6/23/1947;1.3529411764705883
11/10/1947;2.0
11/17/1947;1.0
11/24/1947;1.5
12/8/1947;1.8
12/15/1947;1.0
12/22/1947;1.75
1/5/1948;2.0
1/12/1948;1.6666666666666667
1/19/1948;2.0
2/2/1948;1.8
2/9/1948;1.25
2/16/1948;1.5
3/8/1948;1.7272727272727273
3/15/1948;1.2
3/29/1948;1.75
4/5/1948;1.6666666666666667
4/19/1948;1.5
4/26/1948;1.8
5/3/1948;1.875
5/10/1948;1.5
5/17/1948;1.0
5/24/1948;1.5
6/1/1948;1.5
6/7/1948;1.7777777777777777
6/14/1948;1.6
6/21/1948;1.125
10/21/1948;1.0
11/8/1948;2.0
11/15/1948;1.0
11/22/1948;1.75
12/6/1948;2.0
12/13/1948;2.0
12/20/1948;1.0
1/3/1949;1.6666666666666667
1/17/1949;2.0
1/31/1949;1.5
2/7/1949;1.3333333333333333
2/14/1949;1.5
2/28/1949;1.6
3/7/1949;1.25
3/14/1949;1.3333333333333333
3/28/1949;2.0
4/4/1949;1.2
4/18/1949;1.6666666666666667
4/25/1949;1.25
5/2/1949;1.5
5/9/1949;2.0
5/16/1949;1.5
5/31/1949;1.5555555555555556
6/6/1949;1.25
6/13/1949;2.0
6/20/1949;1.3636363636363635
6/27/1949;1.6470588235294117
10/25/1948;
11/7/1949;1.5
11/14/1949;1.6666666666666667
11/21/1949;1.3333333333333333
12/5/1949;1.25
12/12/1949;1.75
12/19/1949;2.0
1/9/1950;1.4
1/16/1950;1.0
2/6/1950;1.4
2/13/1950;2.0
2/20/1950;1.5
3/13/1950;1.5
3/27/1950;1.4
4/3/1950;1.0
4/10/1950;2.0
4/17/1950;1.5
4/24/1950;1.6666666666666667
5/8/1950;1.3333333333333333
5/15/1950;1.25
5/29/1950;1.0
6/5/1950;1.3529411764705883
11/6/1950;1.5
11/13/1950;1.25
11/27/1950;1.5
12/4/1950;1.75
12/11/1950;1.8
1/2/1951;1.6666666666666667
1/8/1951;1.0
1/15/1951;1.5714285714285714
2/26/1951;1.588235294117647
3/26/1951;1.2
4/9/1951;1.6666666666666667
4/12/1951;1.0
4/23/1951;1.6
4/30/1951;1.3333333333333333
5/7/1951;1.1428571428571428
5/14/1951;1.0
5/21/1951;1.25
5/28/1951;1.5
6/4/1951;1.2727272727272727
10/23/1950;
11/5/1951;1.3396226415094339
11/13/1951;1.5
11/26/1951;1.3333333333333333
12/3/1951;1.5
12/11/1951;1.75
1/2/1952;1.2
1/7/1952;1.6666666666666667
1/14/1952;2.0
1/28/1952;1.5
2/4/1952;1.5
3/3/1952;1.4
3/10/1952;1.1428571428571428
3/24/1952;1.3333333333333333
3/31/1952;2.0
4/3/1952;1.0
4/7/1952;1.5
4/15/1952;1.0
4/21/1952;1.0
4/28/1952;1.0
5/5/1952;2.0
5/12/1952;1.5
5/26/1952;1.375
6/2/1952;1.4
6/9/1952;1.75
10/15/1951;
10/8/1952;1.0
10/20/1952;1.0
11/10/1952;1.3333333333333333
11/17/1952;1.75
11/24/1952;2.0
12/8/1952;1.5714285714285714
12/15/1952;1.5
12/22/1952;1.0
1/12/1953;1.2
1/19/1953;1.0
2/2/1953;1.8333333333333333
2/9/1953;1.5
3/9/1953;1.4166666666666667
3/16/1953;1.2857142857142858
4/6/1953;1.625
4/13/1953;1.0
4/27/1953;1.4
5/4/1953;1.25
5/18/1953;1.6666666666666667
5/25/1953;1.4
6/1/1953;1.75
6/8/1953;1.4285714285714286
6/15/1953;1.4285714285714286
6/19/1953;1.0
10/27/1952;
10/12/1953;1.5
11/9/1953;1.6666666666666667
11/16/1953;1.5
11/30/1953;1.6666666666666667
12/7/1953;1.5
12/14/1953;2.0
1/4/1954;1.6666666666666667
1/11/1954;1.5
1/18/1954;1.5
2/1/1954;1.3333333333333333
2/8/1954;1.1428571428571428
3/8/1954;1.7142857142857142
3/15/1954;1.6
4/5/1954;1.4
4/12/1954;1.0
4/26/1954;1.0
5/3/1954;2.0
5/17/1954;1.8333333333333333
5/24/1954;1.0
6/1/1954;1.6666666666666667
6/7/1954;1.2
10/14/1954;2.0
11/8/1954;2.0
11/22/1954;1.5
12/6/1954;1.6428571428571428
1/10/1955;1.8333333333333333
1/31/1955;2.0
2/7/1955;1.4
2/28/1955;2.0
3/7/1955;1.8
3/14/1955;1.6666666666666667
3/28/1955;1.8333333333333333
4/4/1955;1.5
11/15/1954;1.0
2/14/1955;1.5
4/11/1955;1.5
4/25/1955;1.5
5/9/1955;1.5
5/16/1955;1.8
5/23/1955;1.8571428571428572
5/31/1955;1.5
6/6/1955;1.6666666666666667
10/10/1955;2.0
10/17/1955;1.5
11/7/1955;1.6666666666666667
11/21/1955;1.5
12/5/1955;1.3333333333333333
12/12/1955;2.0
1/9/1956;1.6
1/16/1956;2.0
1/6/1956;2.0
1/23/1956;2.0
1/30/1956;2.0
2/27/1956;1.875
3/5/1956;1.5
3/12/1956;1.6666666666666667
3/26/1956;1.6666666666666667
4/2/1956;1.6666666666666667
4/9/1956;2.0
10/24/1955;1.3333333333333333
11/14/1955;2.0
4/23/1956;1.8571428571428572
4/30/1956;1.4
5/7/1956;1.75
5/14/1956;1.0
5/21/1956;1.6666666666666667
5/28/1956;2.0
6/4/1956;1.0
6/11/1956;1.6
11/5/1956;2.0
10/10/1956;2.0
10/15/1956;2.0
11/13/1956;1.5
11/19/1956;1.5
12/3/1956;1.3333333333333333
12/10/1956;1.8
12/17/1956;1.6666666666666667
1/14/1957;1.625
1/22/1957;2.0
1/28/1957;1.5
1/21/1957;1.0
2/25/1957;1.625
2/28/1957;2.0
3/11/1957;1.4
3/4/1957;2.0
3/25/1957;1.7142857142857142
4/1/1957;1.3333333333333333
4/8/1957;1.75
4/22/1957;1.5
4/29/1957;1.75
5/6/1957;1.75
5/13/1957;2.0
5/27/1957;1.5
6/3/1957;1.6
6/2/1957;2.0
6/10/1957;2.0
6/17/1957;1.6
6/24/1957;1.7777777777777777
7/11/1957;1.0
10/21/1957;2.0
11/12/1957;2.0
10/14/1957;2.0
11/18/1957;1.6666666666666667
11/25/1957;1.5
12/9/1957;1.5
12/16/1957;1.7142857142857142
1/6/1958;2.0
1/13/1958;1.5
1/20/1958;1.2
1/27/1958;1.25
2/3/1958;1.6666666666666667
3/3/1958;1.6666666666666667
3/10/1958;1.6666666666666667
3/17/1958;1.6
3/31/1958;1.4
4/7/1958;2.0
4/14/1958;2.0
4/28/1958;1.6666666666666667
5/5/1958;2.0
5/19/1958;1.5833333333333333
5/26/1958;1.6666666666666667
6/2/1958;2.0
6/9/1958;1.3333333333333333
6/16/1958;1.6363636363636365
6/23/1958;1.7142857142857142
6/30/1958;1.45
9/12/1958;2.0
10/13/1958;2.0
10/27/1958;2.0
11/10/1958;1.5
11/17/1958;2.0
10/20/1958;2.0
11/24/1958;1.75
12/8/1958;1.5
12/15/1958;1.8333333333333333
1/12/1959;2.0
1/19/1959;2.0
1/26/1959;1.5
2/24/1959;1.625
3/2/1959;1.3333333333333333
3/9/1959;1.0
3/23/1959;1.4
3/30/1959;1.25
4/6/1959;2.0
4/20/1959;1.75
4/27/1959;1.0
5/4/1959;1.8333333333333333
5/18/1959;1.5
5/25/1959;2.0
6/1/1959;1.5
6/8/1959;1.4285714285714286
6/15/1959;1.8333333333333333
6/22/1959;1.5
6/29/1959;1.5
10/19/1959;2.0
11/7/1959;1.0
11/9/1959;2.0
11/16/1959;1.0
11/23/1959;1.6666666666666667
12/7/1959;1.5
12/14/1959;1.6
1/11/1960;1.5
1/18/1960;2.0
1/25/1960;1.6666666666666667
2/23/1960;1.8888888888888888
2/29/1960;1.75
3/7/1960;1.75
3/21/1960;1.8
3/28/1960;1.5
4/4/1960;1.5
4/18/1960;1.8571428571428572
4/25/1960;1.5
5/2/1960;1.6666666666666667
5/16/1960;1.5555555555555556
5/23/1960;1.0
5/31/1960;1.0
6/6/1960;1.75
6/13/1960;1.6363636363636365
6/20/1960;1.3125
6/27/1960;1.6666666666666667
11/7/1960;2.0
10/24/1960;2.0
11/14/1960;1.6
11/21/1960;1.4
12/5/1960;1.75
12/12/1960;2.0
12/9/1960;1.0
1/9/1961;1.4
1/16/1961;1.75
1/23/1961;1.8333333333333333
2/20/1961;1.4444444444444444
2/27/1961;1.25
3/6/1961;1.6666666666666667
3/20/1961;1.75
3/27/1961;1.5
4/3/1961;2.0
4/17/1961;1.7272727272727273
4/24/1961;1.3333333333333333
5/1/1961;1.6
5/8/1961;1.0
5/15/1961;2.0
5/22/1961;1.6
5/29/1961;1.4
6/5/1961;1.2857142857142858
6/12/1961;1.6363636363636365
6/19/1961;1.6
11/6/1961;1.0
11/13/1961;2.0
11/20/1961;1.0
12/4/1961;1.6666666666666667
12/11/1961;1.8
12/18/1961;1.5714285714285714
1/15/1962;1.5
1/22/1962;1.25
2/19/1962;1.6
2/26/1962;1.3333333333333333
3/5/1962;1.6666666666666667
3/19/1962;1.75
3/26/1962;1.5
3/16/1962;2.0
4/2/1962;1.6666666666666667
4/9/1962;2.0
4/23/1962;2.0
4/30/1962;2.0
5/14/1962;1.5555555555555556
5/21/1962;1.8571428571428572
5/28/1962;1.6
6/4/1962;1.8333333333333333
6/11/1962;2.0
6/18/1962;1.8333333333333333
6/25/1962;1.8333333333333333
10/15/1962;1.0
10/22/1962;1.5
11/5/1962;1.6666666666666667
11/13/1962;2.0
11/19/1962;1.6666666666666667
12/3/1962;1.6666666666666667
12/10/1962;1.5
12/17/1962;1.6666666666666667
1/7/1963;2.0
1/14/1963;1.5833333333333333
1/21/1963;2.0
2/18/1963;1.8461538461538463
2/25/1963;2.0
3/4/1963;1.0
3/18/1963;2.0
3/25/1963;1.75
4/1/1963;1.5
4/15/1963;1.9166666666666667
4/22/1963;1.8
4/29/1963;1.8333333333333333
5/13/1963;1.5833333333333333
5/20/1963;1.8888888888888888
5/27/1963;1.7
6/3/1963;1.8
6/10/1963;2.0
6/17/1963;1.8461538461538463
10/21/1963;2.0
10/28/1963;2.0
10/14/1963;2.0
11/12/1963;1.5
11/18/1963;1.0
12/2/1963;1.5
12/9/1963;2.0
12/16/1963;1.8
1/6/1964;1.625
1/13/1964;2.0
1/20/1964;2.0
2/17/1964;1.7
2/24/1964;1.6666666666666667
3/2/1964;2.0
3/9/1964;1.75
3/23/1964;1.6
3/30/1964;1.25
4/6/1964;1.6666666666666667
4/20/1964;1.6666666666666667
4/27/1964;2.0
5/4/1964;2.0
5/18/1964;1.8
5/25/1964;2.0
6/1/1964;1.8181818181818181
6/8/1964;1.6666666666666667
6/15/1964;1.9090909090909092
6/22/1964;1.903225806451613
11/9/1964;1.5
11/16/1964;1.6666666666666667
11/23/1964;1.8333333333333333
12/7/1964;2.0
12/14/1964;1.8571428571428572
1/12/1965;2.0
1/18/1965;1.6923076923076923
1/25/1965;1.5
2/1/1965;2.0
3/1/1965;1.4285714285714286
3/8/1965;1.5555555555555556
3/15/1965;1.5
3/29/1965;1.5
4/5/1965;2.0
4/26/1965;1.6
4/27/1965;1.5
4/28/1965;1.5
4/29/1965;2.0
5/3/1965;1.7777777777777777
5/17/1965;1.8333333333333333
5/24/1965;1.8333333333333333
6/1/1965;1.3661971830985915
6/7/1965;1.4
10/11/1965;1.0
10/18/1965;2.0
11/8/1965;1.6666666666666667
11/15/1965;2.0
11/22/1965;1.3333333333333333
12/6/1965;1.6
12/20/1965;2.0
12/7/1965;1.5
12/8/1965;1.0
12/13/1965;1.6
1/17/1966;1.5
1/18/1966;2.0
1/19/1966;1.5
1/21/1966;1.0
1/31/1966;2.0
2/21/1966;1.5
2/23/1966;1.6666666666666667
2/24/1966;1.5
2/28/1966;2.0
3/7/1966;1.8
3/21/1966;1.4285714285714286
3/22/1966;1.5
3/23/1966;2.0
3/24/1966;1.3333333333333333
3/28/1966;2.0
4/4/1966;2.0
4/18/1966;1.6666666666666667
4/19/1966;2.0
4/25/1966;1.0
4/26/1966;2.0
4/27/1966;1.0
4/28/1966;2.0
5/2/1966;2.0
5/16/1966;2.0
5/23/1966;1.5714285714285714
5/31/1966;2.0
6/6/1966;1.5714285714285714
6/13/1966;1.875
6/20/1966;1.25
10/17/1966;1.0
11/7/1966;1.3333333333333333
11/14/1966;1.3333333333333333
11/21/1966;2.0
12/5/1966;1.625
12/12/1966;1.3636363636363635
1/9/1967;2.0
1/10/1967;2.0
1/16/1967;2.0
1/23/1967;1.6
2/13/1967;1.5
2/20/1967;1.75
2/27/1967;2.0
3/13/1967;1.8
3/20/1967;1.5
3/27/1967;2.0
4/10/1967;2.0
4/11/1967;1.5
4/17/1967;1.0
4/24/1967;2.0
5/8/1967;1.6666666666666667
5/15/1967;1.6666666666666667
5/22/1967;1.5
5/29/1967;1.3333333333333333
6/5/1967;1.8333333333333333
6/12/1967;1.7857142857142858
10/24/1966;
10/19/1967;1.0
10/16/1967;2.0
10/23/1967;1.8333333333333333
11/16/1967;2.0
11/6/1967;1.8
11/13/1967;1.8333333333333333
12/4/1967;1.75
12/5/1967;2.0
12/11/1967;1.6666666666666667
12/18/1967;1.875
12/16/1967;2.0
1/15/1968;1.5714285714285714
1/16/1968;2.0
1/22/1968;1.0
1/29/1968;2.0
3/4/1968;2.0
3/5/1968;1.5
3/6/1968;1.3333333333333333
3/11/1968;1.75
3/18/1968;1.6
3/25/1968;1.6666666666666667
4/1/1968;1.8571428571428572
4/2/1968;2.0
4/8/1968;1.8333333333333333
4/22/1968;1.6
4/23/1968;2.0
4/29/1968;1.6666666666666667
5/1/1968;2.0
5/6/1968;1.6666666666666667
5/20/1968;1.7894736842105263
5/27/1968;1.6
6/3/1968;1.5454545454545454
6/10/1968;1.7777777777777777
6/17/1968;1.7826086956521738
10/14/1968;2.0
10/15/1968;2.0
10/24/1968;2.0
10/21/1968;2.0
10/28/1968;1.5
11/12/1968;1.3333333333333333
11/17/1968;2.0
11/18/1968;1.75
11/19/1968;2.0
11/25/1968;1.5
12/9/1968;1.0
12/16/1968;1.75
1/13/1969;1.75
1/14/1969;1.6666666666666667
1/15/1969;2.0
1/20/1969;1.6
1/27/1969;1.75
2/24/1969;2.0
2/25/1969;2.0
3/3/1969;1.5
3/10/1969;2.0
3/24/1969;1.4285714285714286
3/25/1969;1.4
4/1/1969;1.75
4/2/1969;1.3333333333333333
4/7/1969;2.0
4/21/1969;2.0
4/22/1969;1.5
4/23/1969;1.5
4/28/1969;1.5
5/5/1969;1.6666666666666667
5/19/1969;1.5714285714285714
5/26/1969;1.1666666666666667
6/2/1969;1.7777777777777777
6/9/1969;2.0
6/16/1969;1.7777777777777777
6/23/1969;1.8333333333333333
10/27/1969;2.0
10/29/1969;2.0
11/12/1969;1.0
11/24/1969;1.0
12/8/1969;1.4285714285714286
12/9/1969;1.6
12/13/1969;2.0
12/15/1969;1.6666666666666667
1/13/1970;2.0
1/14/1970;2.0
1/19/1970;1.3333333333333333
1/20/1970;1.5
1/26/1970;1.2
2/2/1970;1.5
2/24/1970;1.1666666666666667
2/25/1970;1.6666666666666667
3/2/1970;1.3333333333333333
3/3/1970;1.3333333333333333
3/9/1970;1.75
3/16/1970;2.0
3/23/1970;1.8333333333333333
3/30/1970;2.0
3/31/1970;1.5
4/6/1970;1.75
4/20/1970;1.75
4/27/1970;1.6
5/4/1970;1.0
5/18/1970;1.6666666666666667
5/25/1970;1.75
6/1/1970;1.4285714285714286
6/8/1970;1.3333333333333333
6/15/1970;1.8571428571428572
6/22/1970;1.6
6/23/1970;1.6666666666666667
6/29/1970;1.5333333333333334
10/19/1970;1.3333333333333333
10/26/1970;1.0
11/9/1970;1.0
11/12/1970;2.0
11/23/1970;1.3333333333333333
12/8/1970;1.6666666666666667
12/15/1970;1.0
12/21/1970;2.0
1/12/1971;1.0
1/13/1971;2.0
1/14/1971;2.0
1/18/1971;2.0
1/19/1971;1.5
1/20/1971;2.0
1/25/1971;1.6666666666666667
2/23/1971;1.2727272727272727
2/24/1971;1.4444444444444444
3/2/1971;1.6666666666666667
3/8/1971;1.4
3/23/1971;1.0
3/22/1971;2.0
3/24/1971;1.0
3/29/1971;1.5
4/5/1971;1.4166666666666667
4/20/1971;1.8
4/21/1971;1.0
4/26/1971;1.5
5/3/1971;1.2
5/17/1971;1.25
5/24/1971;1.6666666666666667
6/1/1971;1.4444444444444444
6/3/1971;2.0
6/7/1971;1.5454545454545454
6/14/1971;1.8333333333333333
6/21/1971;1.5
6/28/1971;1.6
6/30/1971;2.0
10/12/1971;1.0
10/26/1971;2.0
11/8/1971;1.6666666666666667
11/9/1971;1.6666666666666667
11/15/1971;2.0
11/16/1971;1.75
11/22/1971;1.5
12/6/1971;1.5
12/13/1971;1.3333333333333333
12/14/1971;1.6666666666666667
12/20/1971;1.4285714285714286
1/10/1972;1.0
1/11/1972;1.5
1/12/1972;1.5
1/13/1972;2.0
1/17/1972;2.0
1/24/1972;1.4285714285714286
2/22/1972;1.5
2/23/1972;1.5
2/24/1972;1.5714285714285714
2/29/1972;1.0
3/1/1972;1.5
3/6/1972;1.5
3/20/1972;1.6666666666666667
3/21/1972;1.25
3/22/1972;2.0
3/23/1972;2.0
3/29/1972;2.0
4/3/1972;2.0
4/18/1972;1.5
4/19/1972;1.5
4/24/1972;1.3333333333333333
4/29/1972;2.0
5/15/1972;1.4285714285714286
5/22/1972;1.125
5/30/1972;1.4
6/7/1972;1.7272727272727273
6/12/1972;1.6
6/19/1972;1.5714285714285714
6/22/1972;1.375
6/26/1972;1.7
6/29/1972;1.4545454545454546
10/16/1972;1.0
7/7/1972;1.0
10/24/1972;1.3333333333333333
11/6/1972;1.0
11/7/1972;2.0
11/14/1972;2.0
11/20/1972;1.6666666666666667
12/4/1972;1.6666666666666667
12/5/1972;1.0
12/6/1972;1.0
12/7/1972;1.3333333333333333
12/11/1972;1.0
12/12/1972;1.0
12/18/1972;1.5
1/9/1973;1.0
1/10/1973;1.4
1/15/1972;2.0
1/15/1973;2.0
1/16/1973;1.6666666666666667
1/17/1973;1.5
1/22/1973;1.5
2/21/1973;1.25
2/22/1973;1.75
2/26/1973;1.0
2/27/1973;1.6666666666666667
2/28/1973;1.75
3/5/1973;1.2
3/19/1973;1.25
3/20/1973;1.0
3/21/1973;1.0
3/26/1973;1.0
3/27/1973;1.5
3/28/1973;1.0
4/2/1973;1.5
4/16/1973;2.0
4/17/1973;1.0
4/18/1973;1.6666666666666667
4/24/1973;1.5
5/7/1973;1.5555555555555556
5/14/1973;1.75
5/21/1973;1.3333333333333333
5/29/1973;1.2
6/4/1973;2.0
6/11/1973;1.625
6/18/1973;1.5833333333333333
6/21/1973;1.1428571428571428
6/25/1973;1.625
10/15/1973;1.5
10/23/1973;1.5
11/5/1973;1.6
11/12/1973;1.0
11/19/1973;1.6666666666666667
12/3/1973;1.0
12/4/1973;1.5
12/5/1973;1.5
12/11/1973;1.0
12/17/1973;1.3333333333333333
1/8/1974;1.3333333333333333
1/9/1974;1.3333333333333333
1/14/1974;1.5
1/15/1974;1.0
1/16/1974;2.0
1/21/1974;1.8333333333333333
2/19/1974;1.2
2/20/1974;1.6
2/25/1974;1.0
2/26/1974;2.0
2/27/1974;2.0
3/4/1974;1.6666666666666667
3/18/1974;2.0
3/19/1974;1.5
3/25/1974;1.4285714285714286
3/26/1974;1.3333333333333333
4/1/1974;1.0
4/16/1974;1.5
4/15/1974;1.0
4/17/1974;1.0
4/23/1974;1.3333333333333333
4/24/1974;1.5
4/29/1974;1.3333333333333333
5/13/1974;1.1666666666666667
5/15/1974;1.6666666666666667
5/20/1974;1.4285714285714286
5/28/1974;1.2857142857142858
6/3/1974;1.1666666666666667
6/10/1974;1.6666666666666667
6/17/1974;1.25
6/19/1974;1.3333333333333333
6/24/1974;1.4285714285714286
6/25/1974;1.4285714285714286
6/26/1974;1.5714285714285714
7/8/1974;1.0
7/24/1974;1.0
7/25/1974;1.0
10/21/1974;2.0
10/29/1974;2.0
11/11/1974;2.0
11/19/1974;2.0
11/25/1974;2.0
12/10/1974;1.0
12/16/1974;1.5
12/17/1974;1.0
12/18/1974;1.0
12/23/1974;1.2
1/14/1975;1.0
1/15/1975;1.6666666666666667
1/21/1975;2.0
1/22/1975;2.0
1/27/1975;1.6666666666666667
2/18/1975;1.5
2/19/1975;1.8
2/25/1975;1.5
3/3/1975;1.2857142857142858
3/17/1975;1.5
3/18/1975;1.25
3/19/1975;1.4
3/24/1975;1.0
3/25/1975;1.0
4/15/1975;1.6666666666666667
4/16/1975;1.0
4/28/1975;1.2
5/12/1975;1.5
5/19/1975;1.4
5/27/1975;1.6666666666666667
6/2/1975;2.0
6/5/1975;2.0
6/9/1975;1.6
6/16/1975;1.6666666666666667
6/17/1975;1.4
6/23/1975;1.75
6/24/1975;1.1666666666666667
6/25/1975;1.2
6/26/1975;1.5
6/30/1975;1.75
10/6/1975;2.0
11/3/1975;2.0
11/11/1975;1.0
11/12/1975;2.0
11/17/1975;1.3333333333333333
12/1/1975;1.6666666666666667
12/2/1975;1.5
12/9/1975;1.0
12/10/1975;1.0
12/16/1975;1.0
1/13/1976;1.3333333333333333
1/14/1976;1.6666666666666667
1/19/1976;1.0
1/20/1976;2.0
1/21/1976;1.0
1/26/1976;1.0
1/30/1976;2.0
2/24/1976;1.0
2/25/1976;1.5
3/1/1976;2.0
3/2/1976;1.0
3/3/1976;1.3333333333333333
3/8/1976;1.75
3/22/1976;1.0
3/23/1976;1.25
3/24/1976;1.1666666666666667
3/30/1976;1.4
3/31/1976;2.0
4/5/1976;1.0
4/19/1976;1.0
4/2/1976;2.0
4/20/1976;1.5
4/21/1976;1.25
4/26/1976;1.0
4/27/1976;1.5
5/3/1976;1.0
5/19/1976;1.8333333333333333
5/24/1976;1.6666666666666667
6/1/1976;1.2857142857142858
6/7/1976;1.5555555555555556
6/10/1976;1.0
6/14/1976;1.4285714285714286
6/17/1976;1.625
6/21/1976;1.3333333333333333
6/24/1976;1.0
6/25/1976;1.5
6/28/1976;1.25
6/29/1976;1.0
6/30/1976;1.6666666666666667
7/1/1976;1.75
7/2/1976;1.4
7/6/1976;1.1666666666666667
10/12/1976;1.0
10/18/1976;2.0
11/1/1976;1.0
11/2/1976;1.6666666666666667
11/8/1976;2.0
11/9/1976;1.0
11/15/1976;1.0
11/30/1976;1.0
12/6/1976;1.5
12/7/1976;1.0
12/8/1976;2.0
12/13/1976;1.0
12/20/1976;2.0
1/10/1977;2.0
1/11/1977;1.25
1/12/1977;1.2
1/17/1977;1.0
1/18/1977;1.5
1/25/1977;1.25
2/22/1977;1.3333333333333333
2/23/1977;1.5
3/1/1977;1.5
3/2/1977;2.0
3/7/1977;1.4
3/21/1977;1.6666666666666667
3/22/1977;1.3333333333333333
3/23/1977;1.5
3/29/1977;1.5
4/4/1977;1.5
4/19/1977;1.0
4/20/1977;2.0
4/25/1977;1.0
4/26/1977;1.3333333333333333
4/27/1977;1.5
5/2/1977;1.6666666666666667
5/16/1977;1.3333333333333333
5/23/1977;1.5714285714285714
5/31/1977;1.2857142857142858
6/6/1977;1.4
6/9/1977;1.3333333333333333
6/13/1977;1.6
6/14/1977;2.0
6/16/1977;1.1428571428571428
6/17/1977;1.6
6/20/1977;1.5
6/21/1977;1.5
6/23/1977;1.2
6/24/1977;1.5
6/27/1977;1.4
6/28/1977;1.5
6/29/1977;1.5
10/11/1977;1.5
10/31/1977;2.0
11/7/1977;2.0
11/8/1977;1.5
11/14/1977;1.0
11/29/1977;2.0
12/5/1977;1.0
12/6/1977;2.0
12/7/1977;1.0
12/12/1977;1.5
1/9/1978;1.5
1/10/1978;1.3333333333333333
1/11/1978;2.0
1/16/1978;2.0
1/17/1978;1.5
1/18/1978;1.5
1/23/1978;1.5
2/21/1978;1.3333333333333333
2/22/1978;1.4
2/27/1978;1.0
2/28/1978;1.5
3/1/1978;1.5
3/6/1978;1.6666666666666667
3/20/1978;1.0
3/21/1978;1.3333333333333333
3/22/1978;1.0
3/28/1978;1.3333333333333333
3/29/1978;2.0
4/3/1978;1.3333333333333333
4/17/1978;2.0
4/18/1978;1.0
4/19/1978;2.0
4/25/1978;2.0
4/26/1978;1.5
5/1/1978;1.5
5/15/1978;1.2857142857142858
5/22/1978;1.5
5/23/1978;1.4
5/30/1978;1.75
5/31/1978;1.6
6/5/1978;1.0
6/6/1978;1.75
6/12/1978;1.3333333333333333
6/14/1978;1.8333333333333333
6/15/1978;1.75
6/19/1978;1.6666666666666667
6/21/1978;1.3333333333333333
6/22/1978;1.6666666666666667
6/23/1978;1.5
6/26/1978;1.3
6/29/1978;1.75
7/3/1978;1.3333333333333333
10/16/1978;1.0
10/30/1978;1.0
11/6/1978;2.0
11/13/1978;1.0
11/27/1978;1.0
11/28/1978;1.5
12/4/1978;1.0
12/5/1978;1.0
12/11/1978;1.2857142857142858
12/18/1978;1.0
1/8/1979;1.0
1/9/1979;1.6666666666666667
1/4/1979;2.0
1/15/1979;1.6666666666666667
1/16/1979;1.5
1/22/1979;2.0
2/21/1979;1.6666666666666667
2/22/1979;1.4285714285714286
2/26/1979;1.5
2/27/1979;2.0
2/28/1979;2.0
3/5/1979;1.1111111111111112
3/20/1979;2.0
3/21/1979;1.0
3/26/1979;1.0
3/27/1979;1.6666666666666667
4/2/1979;1.0
4/17/1979;1.4
4/18/1979;1.2
4/24/1979;1.5
4/30/1979;1.4
5/14/1979;1.6666666666666667
5/21/1979;1.4
5/29/1979;1.4
6/4/1979;1.1666666666666667
6/5/1979;1.5
6/11/1979;1.2857142857142858
6/18/1979;1.4285714285714286
6/20/1979;1.375
6/25/1979;1.6
6/26/1979;1.2
6/27/1979;1.4
7/2/1979;1.6666666666666667
10/9/1979;2.0
10/15/1979;1.0
11/13/1979;1.0
11/27/1979;1.6666666666666667
11/28/1979;2.0
12/4/1979;1.3333333333333333
12/10/1979;2.0
1/7/1980;1.0
1/8/1980;2.0
1/14/1980;2.0
1/15/1980;1.0
1/21/1980;1.5
2/19/1980;1.5
2/20/1980;1.125
2/26/1980;1.6666666666666667
2/27/1980;1.0
3/3/1980;1.2
3/17/1980;2.0
3/18/1980;1.6
3/19/1980;1.8
3/25/1980;1.5
3/31/1980;2.0
4/15/1980;1.6666666666666667
4/16/1980;2.0
4/22/1980;1.7142857142857142
4/28/1980;1.5
5/12/1980;1.6
5/19/1980;1.8
5/27/1980;1.4285714285714286
6/2/1980;1.0
6/9/1980;1.6666666666666667
6/10/1980;1.4
6/16/1980;1.5714285714285714
6/19/1980;1.0
6/20/1980;1.7142857142857142
6/23/1980;1.3333333333333333
6/25/1980;1.5
6/27/1980;1.6
6/30/1980;1.4
7/2/1980;1.5
10/20/1980;1.0
11/10/1980;2.0
11/17/1980;1.6666666666666667
12/2/1980;1.5
12/8/1980;1.0
12/9/1980;1.0
12/15/1980;1.0
1/12/1981;2.0
1/13/1981;1.2
1/19/1981;1.5
1/21/1981;1.5
1/26/1981;1.3333333333333333
2/23/1981;2.0
2/24/1981;2.0
2/25/1981;2.0
3/2/1981;1.0
3/3/1981;1.5
3/4/1981;1.0
3/9/1981;1.5
3/23/1981;1.3333333333333333
3/24/1981;1.4
4/6/1981;1.5
4/20/1981;1.25
4/21/1981;1.4
4/28/1981;1.0
4/29/1981;1.0
5/4/1981;2.0
5/18/1981;1.3
5/26/1981;1.6666666666666667
6/1/1981;1.7142857142857142
6/8/1981;1.25
6/15/1981;1.7142857142857142
6/17/1981;1.1666666666666667
6/22/1981;1.1428571428571428
6/25/1981;1.0
6/26/1981;1.25
6/29/1981;1.3333333333333333
7/1/1981;1.5
7/2/1981;1.75
10/19/1981;1.0
11/2/1981;1.0
11/9/1981;1.0
11/10/1981;2.0
11/16/1981;1.0
11/30/1981;1.0
12/1/1981;1.0
12/2/1981;1.5
12/8/1981;1.5
12/14/1981;1.0
12/4/1981;1.0
1/11/1982;1.6666666666666667
1/12/1982;1.0
1/13/1982;1.3333333333333333
1/19/1982;2.0
1/25/1982;1.6666666666666667
2/22/1982;1.0
2/23/1982;1.4
2/24/1982;1.6666666666666667
3/2/1982;1.25
3/3/1982;1.0
3/8/1982;1.6666666666666667
3/22/1982;1.0
3/23/1982;1.25
3/24/1982;2.0
3/31/1982;1.5
4/1/1982;1.0
4/5/1982;1.4
4/20/1982;1.3333333333333333
4/21/1982;2.0
4/27/1982;1.3333333333333333
5/3/1982;1.5
5/4/1982;1.0
5/17/1982;1.5714285714285714
5/24/1982;1.0
6/1/1982;1.2857142857142858
6/7/1982;1.25
6/14/1982;1.8333333333333333
6/15/1982;2.0
6/18/1982;1.5
6/21/1982;1.5714285714285714
6/23/1982;1.75
6/24/1982;1.6666666666666667
6/25/1982;1.4
6/28/1982;1.5
6/29/1982;1.25
6/30/1982;1.5
7/1/1982;1.8
7/2/1982;1.7142857142857142
10/18/1982;2.0
11/1/1982;1.0
11/8/1982;1.0
11/15/1982;1.0
11/29/1982;1.0
11/30/1982;1.0
12/6/1982;1.0
12/8/1982;2.0
12/13/1982;1.4
1/11/1983;1.6666666666666667
1/18/1983;1.0
1/19/1983;1.0
1/24/1983;1.6666666666666667
2/22/1983;1.0
2/23/1983;1.4285714285714286
2/28/1983;2.0
3/2/1983;1.5
3/7/1983;1.25
3/22/1983;2.0
3/23/1983;1.6666666666666667
3/29/1983;2.0
3/30/1983;1.0
4/4/1983;1.75
4/19/1983;1.4
4/20/1983;1.3333333333333333
4/22/1983;1.0
4/26/1983;1.0
4/27/1983;2.0
5/2/1983;1.75
5/16/1983;1.2
5/23/1983;1.3333333333333333
5/24/1983;1.75
5/31/1983;1.75
6/6/1983;1.5
6/8/1983;1.4
6/13/1983;1.7142857142857142
6/15/1983;1.6
6/17/1983;1.3333333333333333
6/20/1983;1.75
6/22/1983;1.4
6/23/1983;1.0
6/24/1983;1.5
6/27/1983;1.5
6/28/1983;2.0
6/29/1983;1.0
6/30/1983;1.6666666666666667
7/1/1983;1.0
7/5/1983;1.0
7/6/1983;1.1428571428571428
10/3/1983;1.0
11/1/1983;1.6666666666666667
11/7/1983;1.5
11/14/1983;1.0
11/28/1983;1.0
11/29/1983;1.0
12/12/1983;1.0
1/10/1984;1.5
1/11/1984;1.3333333333333333
1/13/1984;1.0
1/17/1984;1.6666666666666667
1/18/1984;1.6666666666666667
1/23/1984;1.2
1/25/1984;1.0
2/21/1984;1.5
2/22/1984;1.5
2/28/1984;1.0
2/24/1984;2.0
2/29/1984;1.0
3/5/1984;1.0
3/20/1984;1.25
3/21/1984;1.8
3/26/1984;2.0
3/27/1984;1.0
4/2/1984;1.5
4/16/1984;1.0
4/17/1984;1.0
4/18/1984;1.8
4/23/1984;1.6666666666666667
4/24/1984;1.6666666666666667
4/25/1984;2.0
4/30/1984;1.25
5/14/1984;1.1428571428571428
5/15/1984;1.3333333333333333
5/21/1984;1.5
5/22/1984;1.6666666666666667
5/29/1984;1.5
5/30/1984;1.6666666666666667
6/4/1984;1.0
6/5/1984;1.3333333333333333
6/11/1984;1.1666666666666667
6/12/1984;1.2
6/18/1984;2.0
6/19/1984;1.6666666666666667
6/25/1984;1.75
6/26/1984;1.5
6/27/1984;1.8
6/28/1984;1.0
6/29/1984;1.0
7/2/1984;1.4
7/3/1984;1.0
7/5/1984;1.25
11/13/1984;1.0
11/26/1984;1.5
12/4/1984;2.0
12/10/1984;1.2
1/7/1985;1.0
1/8/1985;1.3333333333333333
1/9/1985;1.8
1/15/1985;1.0
1/21/1985;1.5
2/19/1985;1.6666666666666667
2/20/1985;1.5
2/26/1985;1.0
2/27/1985;1.3333333333333333
3/4/1985;1.4285714285714286
3/18/1985;1.5
3/19/1985;1.8333333333333333
3/20/1985;1.6666666666666667
3/26/1985;1.5
3/27/1985;1.3333333333333333
4/1/1985;1.4
4/15/1985;2.0
4/16/1985;1.75
4/17/1985;1.3333333333333333
4/23/1985;2.0
4/29/1985;2.0
5/13/1985;1.4
5/12/1985;1.0
5/20/1985;1.0
5/28/1985;2.0
6/3/1985;1.1428571428571428
6/4/1985;1.5
6/10/1985;1.3333333333333333
6/11/1985;1.6666666666666667
6/17/1985;1.4285714285714286
6/19/1985;1.4
6/24/1985;1.5
6/26/1985;1.4
6/27/1985;1.2
6/28/1985;1.4
7/1/1985;1.4285714285714286
7/2/1985;1.0
11/4/1985;1.25
11/12/1985;1.0
11/18/1985;1.0
12/3/1985;1.25
12/4/1985;1.5
12/10/1985;1.5
12/12/1985;1.0
12/16/1985;1.0
1/14/1986;1.6666666666666667
1/21/1986;1.0
1/22/1986;1.6666666666666667
1/27/1986;1.0
2/25/1986;1.3333333333333333
2/26/1986;1.375
3/4/1986;1.0
3/5/1986;2.0
3/10/1986;1.3333333333333333
3/25/1986;1.3333333333333333
4/1/1986;2.0
4/7/1986;1.3333333333333333
4/21/1986;1.6666666666666667
4/22/1986;1.75
4/29/1986;1.3333333333333333
4/30/1986;1.6666666666666667
5/5/1986;1.3333333333333333
5/19/1986;1.0
5/27/1986;1.4
6/2/1986;1.75
6/3/1986;1.75
6/9/1986;1.6666666666666667
6/11/1986;1.4
6/16/1986;1.6666666666666667
6/18/1986;1.5
6/19/1986;1.6666666666666667
6/23/1986;1.25
6/24/1986;2.0
6/25/1986;1.8
6/26/1986;1.3333333333333333
6/27/1986;1.4
6/30/1986;1.2857142857142858
7/7/1986;1.0
7/1/1986;1.25
7/2/1986;1.4285714285714286
11/3/1986;2.0
11/4/1986;1.5
11/12/1986;1.0
11/17/1986;1.0
12/9/1986;1.5
12/10/1986;1.3333333333333333
12/15/1986;2.0
1/13/1987;2.0
1/14/1987;1.5
1/20/1987;2.0
1/21/1987;1.6666666666666667
1/27/1987;1.0
2/24/1987;1.4285714285714286
2/25/1987;1.8333333333333333
3/3/1987;1.6666666666666667
3/9/1987;1.4
3/23/1987;2.0
3/24/1987;1.2857142857142858
3/31/1987;1.5
4/6/1987;1.5
4/21/1987;1.5
4/22/1987;1.5
4/27/1987;1.0
4/28/1987;1.5
5/4/1987;1.3333333333333333
5/18/1987;1.6
5/26/1987;1.6
6/1/1987;1.4
6/8/1987;1.2
6/9/1987;1.3333333333333333
6/15/1987;1.8333333333333333
6/19/1987;1.3333333333333333
6/22/1987;1.7142857142857142
6/23/1987;1.3333333333333333
6/24/1987;1.25
6/25/1987;1.1428571428571428
6/26/1987;1.0
10/19/1987;1.0
11/10/1987;1.0
11/16/1987;1.0
12/1/1987;1.0
12/8/1987;2.0
12/14/1987;1.25
1/12/1988;1.75
1/13/1988;1.0
1/20/1988;2.0
1/25/1988;1.3333333333333333
2/23/1988;1.25
2/24/1988;1.6666666666666667
3/1/1988;1.5
3/2/1988;1.5
3/7/1988;1.75
3/21/1988;1.5
3/22/1988;1.5
3/23/1988;1.3333333333333333
3/29/1988;2.0
4/4/1988;1.5
4/19/1988;1.25
4/20/1988;1.5
4/27/1988;1.25
5/2/1988;1.25
4/25/1988;2.0
5/16/1988;1.7777777777777777
5/23/1988;1.6666666666666667
5/31/1988;1.6666666666666667
6/6/1988;1.5714285714285714
6/13/1988;1.5714285714285714
6/15/1988;1.6666666666666667
6/17/1988;1.5
6/20/1988;1.8
6/22/1988;1.1428571428571428
6/24/1988;1.25
6/27/1988;1.2
6/29/1988;1.8571428571428572
10/17/1988;1.0
10/31/1988;1.0
11/7/1988;2.0
11/8/1988;1.0
11/14/1988;1.0
11/29/1988;1.5
12/6/1988;1.3333333333333333
12/12/1988;1.6
1/10/1989;2.0
1/1/1989;1.0
1/11/1989;1.5
1/18/1989;1.0
1/23/1989;1.0
2/21/1989;1.625
2/22/1989;1.5
2/28/1989;1.3333333333333333
3/6/1989;1.4
3/21/1989;1.5
3/22/1989;1.25
3/28/1989;1.6666666666666667
3/29/1989;1.3333333333333333
4/3/1989;1.6
4/17/1989;1.0
4/18/1989;1.25
4/25/1989;1.3333333333333333
5/1/1989;1.4
5/15/1989;1.3333333333333333
5/22/1989;1.5
5/30/1989;1.6666666666666667
6/5/1989;1.5
6/12/1989;1.5555555555555556
6/15/1989;1.5
6/19/1989;1.6
6/21/1989;1.3333333333333333
6/22/1989;1.0
6/23/1989;1.3333333333333333
6/26/1989;1.2
6/29/1989;1.5
7/3/1989;1.5
7/2/1989;2.0
10/10/1989;2.0
10/16/1989;1.0
11/7/1989;1.0
11/13/1989;1.0
11/28/1989;1.5
12/5/1989;1.6666666666666667
12/11/1989;1.6666666666666667
1/9/1990;1.0
1/10/1990;1.4
1/17/1990;1.3333333333333333
1/22/1990;1.0
2/20/1990;1.5
2/21/1990;1.8
2/27/1990;1.25
2/28/1990;1.0
3/5/1990;1.375
3/20/1990;2.0
3/21/1990;2.0
3/27/1990;1.5
3/28/1990;1.0
4/17/1990;1.2
4/18/1990;1.6666666666666667
4/24/1990;1.3333333333333333
4/30/1990;1.3333333333333333
5/11/1990;1.0
5/14/1990;1.5
5/21/1990;1.8
5/29/1990;1.5555555555555556
6/3/1990;1.0
6/4/1990;1.5
6/11/1990;1.8333333333333333
6/14/1990;1.6
6/18/1990;1.75
6/21/1990;1.375
6/25/1990;1.2
6/27/1990;1.2857142857142858
6/28/1990;1.0
10/29/1990;2.0
11/5/1990;1.3333333333333333
11/6/1990;1.0
11/13/1990;1.6666666666666667
11/26/1990;2.0
11/27/1990;2.0
12/3/1990;1.5
12/10/1990;2.0
1/7/1991;1.0
1/8/1991;1.6666666666666667
1/14/1991;2.0
1/15/1991;1.3333333333333333
1/22/1991;1.5
2/19/1991;1.8571428571428572
2/20/1991;1.6666666666666667
2/26/1991;1.3333333333333333
3/4/1991;2.0
3/19/1991;1.3333333333333333
3/20/1991;1.75
3/26/1991;1.6666666666666667
3/27/1991;2.0
4/1/1991;1.5
4/16/1991;1.0
4/17/1991;1.0
4/23/1991;1.5
4/24/1991;2.0
4/29/1991;1.0
5/13/1991;1.0
5/20/1991;1.5714285714285714
5/23/1991;1.5
5/28/1991;1.75
5/30/1991;1.4
6/3/1991;2.0
6/6/1991;2.0
6/10/1991;2.0
6/13/1991;1.5
6/17/1991;1.0
6/20/1991;1.5714285714285714
6/21/1991;1.0
6/24/1991;1.0
6/27/1991;1.2
10/15/1991;1.0
10/21/1991;1.0
11/4/1991;1.0
11/5/1991;2.0
12/3/1991;1.0
12/4/1991;1.5
12/10/1991;1.5
12/11/1991;1.0
12/16/1991;1.5
12/15/1991;1.0
1/13/1992;1.0
1/14/1992;1.75
1/15/1992;1.0
1/22/1992;1.5
1/27/1992;1.0
2/25/1992;1.6666666666666667
2/26/1992;1.75
3/3/1992;2.0
3/4/1992;2.0
3/9/1992;1.8333333333333333
3/24/1992;1.0
3/25/1992;1.2
3/31/1992;1.5
4/1/1992;2.0
4/6/1992;2.0
4/21/1992;1.6
5/4/1992;1.0
5/18/1992;1.75
5/20/1992;1.0
5/26/1992;1.5
6/1/1992;1.3333333333333333
6/8/1992;1.5
6/12/1992;1.75
6/15/1992;1.6
6/18/1992;1.5
6/19/1992;1.5
6/22/1992;1.25
6/24/1992;1.5
6/26/1992;1.4
6/29/1992;1.6666666666666667
7/17/1992;1.0
11/2/1992;1.0
11/3/1992;1.0
11/16/1992;1.5
12/1/1992;1.5
12/8/1992;2.0
12/14/1992;1.75
1/12/1993;1.75
1/13/1993;1.3333333333333333
1/19/1993;2.0
1/25/1993;1.2857142857142858
2/22/1993;1.0
2/23/1993;1.25
2/24/1993;1.3333333333333333
3/3/1993;1.5
3/8/1993;1.5
3/23/1993;1.5
3/24/1993;1.6666666666666667
3/30/1993;1.0
3/31/1993;2.0
4/5/1993;1.5
4/20/1993;1.0
4/21/1993;1.3333333333333333
4/26/1993;1.3333333333333333
5/3/1993;1.6666666666666667
5/17/1993;1.6
5/24/1993;1.4
6/1/1993;1.6
6/7/1993;1.2857142857142858
6/11/1993;1.6666666666666667
6/14/1993;1.75
6/18/1993;1.5
6/21/1993;1.3333333333333333
6/24/1993;1.4
6/25/1993;1.3333333333333333
6/28/1993;1.5
7/21/1993;1.0
4/12/1993;
10/12/1993;1.0
11/9/1993;2.0
11/30/1993;1.0
12/13/1993;1.6666666666666667
1/10/1994;2.0
1/11/1994;2.0
1/19/1994;1.0
1/24/1994;1.4
2/23/1994;1.5
3/1/1994;2.0
3/7/1994;1.5
3/22/1994;1.5
3/30/1994;2.0
4/4/1994;1.0
4/19/1994;1.5
4/20/1994;2.0
4/26/1994;1.3333333333333333
5/2/1994;1.3333333333333333
5/16/1994;1.25
5/23/1994;1.25
5/31/1994;1.5
6/6/1994;1.4
6/13/1994;1.625
6/17/1994;1.6666666666666667
6/20/1994;1.25
6/24/1994;1.0
6/27/1994;1.6666666666666667
6/30/1994;1.6666666666666667
10/11/1994;1.0
10/31/1994;1.0
11/1/1994;1.0
11/8/1994;2.0
11/14/1994;1.0
11/29/1994;2.0
12/6/1994;1.0
12/12/1994;1.5
1/10/1995;1.5
1/18/1995;1.5
1/19/1995;1.0
1/23/1995;1.6666666666666667
2/21/1995;1.6666666666666667
2/22/1995;1.5
2/28/1995;1.0
3/1/1995;1.0
3/6/1995;1.3333333333333333
3/20/1995;1.0
3/21/1995;1.0
3/22/1995;1.0
3/28/1995;1.0
4/3/1995;2.0
4/17/1995;1.0
4/18/1995;1.6666666666666667
4/19/1995;1.6
4/25/1995;1.0
4/26/1995;1.0
5/1/1995;1.0
5/15/1995;1.75
5/22/1995;2.0
5/30/1995;1.5
6/5/1995;1.0
6/12/1995;1.375
6/14/1995;1.6
6/19/1995;1.4
6/21/1995;1.5
6/26/1995;1.0
6/29/1995;1.2
9/14/1995;1.0
10/10/1995;1.0
10/30/1995;2.0
10/31/1995;1.0
11/7/1995;1.0
11/28/1995;1.5
11/29/1995;2.0
12/5/1995;1.0
12/6/1995;2.0
1/8/1996;1.6666666666666667
1/9/1996;2.0
1/16/1996;1.5
1/17/1996;2.0
1/22/1996;1.0
2/21/1996;1.3333333333333333
2/26/1996;1.0
2/27/1996;1.0
3/27/1996;1.5
3/4/1996;1.5
3/18/1996;1.0
3/19/1996;1.5
3/20/1996;1.0
3/26/1996;2.0
4/1/1996;1.6666666666666667
4/9/1996;1.0
4/16/1996;2.0
4/23/1996;1.5
4/29/1996;1.0
5/13/1996;1.75
5/20/1996;1.75
5/28/1996;2.0
6/3/1996;1.5
6/10/1996;1.3333333333333333
6/13/1996;1.4
6/17/1996;1.3333333333333333
6/20/1996;1.5
6/24/1996;1.25
6/26/1996;1.6666666666666667
6/28/1996;1.5
7/1/1996;1.0
10/21/1996;1.0
11/4/1996;1.0
11/6/1996;2.0
11/13/1996;1.0
11/18/1996;1.0
12/2/1996;1.5
12/10/1996;2.0
12/16/1996;1.5
1/6/1997;1.0
1/14/1997;1.75
1/21/1997;1.0
2/18/1997;1.8333333333333333
2/19/1997;1.6
2/25/1997;1.0
2/26/1997;1.0
3/3/1997;1.25
3/18/1997;1.5
3/19/1997;2.0
3/31/1997;1.25
4/14/1997;1.0
4/15/1997;2.0
4/21/1997;1.0
4/28/1997;1.0
5/12/1997;1.2
5/19/1997;1.3333333333333333
5/27/1997;1.25
6/2/1997;1.3333333333333333
6/9/1997;1.25
6/16/1997;1.0
6/19/1997;1.4
6/23/1997;1.3333333333333333
6/25/1997;1.4
6/26/1997;1.25
6/27/1997;1.3333333333333333
10/20/1997;1.0
11/4/1997;1.5
11/17/1997;1.0
12/2/1997;1.5
12/9/1997;1.5
12/10/1997;1.5
12/15/1997;2.0
1/13/1998;2.0
1/14/1998;1.0
1/21/1998;1.0
1/26/1998;1.25
2/23/1998;1.0
2/24/1998;1.0
2/25/1998;1.0
3/3/1998;1.5
3/4/1998;1.3333333333333333
3/9/1998;1.75
3/23/1998;2.0
3/24/1998;1.0
3/25/1998;1.0
3/31/1998;1.25
4/14/1998;1.0
4/21/1998;1.6666666666666667
4/22/1998;1.5
4/28/1998;1.0
4/29/1998;1.0
5/4/1998;1.5
5/18/1998;1.3333333333333333
5/26/1998;1.5
6/1/1998;2.0
6/8/1998;1.25
6/15/1998;1.6666666666666667
6/22/1998;1.4
6/25/1998;1.4
6/26/1998;1.6666666666666667
5/15/1998;
11/3/1998;2.0
11/10/1998;2.0
11/16/1998;2.0
12/1/1998;1.0
12/8/1998;1.5
12/14/1998;1.3333333333333333
1/11/1999;1.0
1/12/1999;1.5
1/13/1999;2.0
1/20/1999;1.5
1/25/1999;1.0
2/23/1999;1.0
2/24/1999;1.0
3/2/1999;1.0
3/3/1999;1.4
3/8/1999;1.0
3/22/1999;1.0
3/23/1999;1.5
3/24/1999;2.0
3/29/1999;1.0
3/30/1999;2.0
4/5/1999;1.75
4/20/1999;2.0
4/21/1999;1.0
4/27/1999;1.0
5/3/1999;1.0
5/17/1999;1.6
5/24/1999;1.2857142857142858
6/1/1999;2.0
6/7/1999;1.0
6/10/1999;1.5
6/14/1999;1.6666666666666667
6/17/1999;1.3333333333333333
6/21/1999;1.0
6/22/1999;1.2
6/23/1999;1.0
6/24/1999;1.0
1/12/2000;1.6
10/12/1999;1.0
10/18/1999;1.5
11/29/1999;2.0
11/30/1999;1.0
12/7/1999;1.5
1/11/2000;1.0
1/19/2000;1.25
1/24/2000;1.5
2/22/2000;1.3333333333333333
2/23/2000;1.25
2/29/2000;1.0
3/1/2000;1.0
3/6/2000;1.5
3/21/2000;1.5
3/22/2000;1.5
3/28/2000;1.5
3/29/2000;1.0
4/3/2000;1.0
4/17/2000;1.5
4/18/2000;2.0
4/25/2000;1.5
4/26/2000;1.5
5/1/2000;1.5
5/15/2000;1.5
5/22/2000;1.8
5/30/2000;1.5
6/5/2000;2.0
6/12/2000;1.4
6/19/2000;1.75
6/26/2000;1.7714285714285714
6/28/2000;1.5
6/29/2000;2.0
10/10/2000;2.0
11/7/2000;1.5
11/27/2000;1.0
11/28/2000;2.0
12/4/2000;1.0
12/11/2000;2.0
12/12/2000;1.0
1/9/2001;1.5
1/10/2001;1.0
1/17/2001;1.0
2/20/2001;1.6666666666666667
2/21/2001;1.5
2/27/2001;2.0
2/28/2001;2.0
3/5/2001;1.0
3/19/2001;2.0
3/20/2001;1.6666666666666667
3/21/2001;1.6666666666666667
4/2/2001;1.0
4/17/2001;1.5
4/18/2001;1.5
4/23/2001;1.0
4/24/2001;1.0
4/25/2001;1.0
4/30/2001;1.0
5/14/2001;1.0
5/21/2001;2.0
5/29/2001;1.4285714285714286
6/4/2001;1.5909090909090908
6/11/2001;1.4
6/18/2001;1.75
6/25/2001;1.8333333333333333
6/28/2001;1.5
11/13/2001;1.0
11/27/2001;1.0
12/10/2001;1.0
12/12/2001;1.0
1/8/2002;1.0
1/9/2002;2.0
1/15/2002;1.3333333333333333
1/16/2002;1.0
1/22/2002;2.0
2/19/2002;1.0
2/20/2002;1.0
2/26/2002;1.5
2/27/2002;1.0
3/4/2002;1.3333333333333333
3/19/2002;2.0
3/26/2002;1.0
3/27/2002;1.0
4/1/2002;1.0
4/16/2002;2.0
4/17/2002;2.0
4/23/2002;2.0
4/29/2002;1.5
5/13/2002;1.5
5/20/2002;1.6666666666666667
5/28/2002;1.25
6/3/2002;1.5
6/10/2002;1.6666666666666667
6/17/2002;1.5
6/20/2002;1.5
6/24/2002;1.4
6/27/2002;1.5
6/28/2002;1.0
10/15/2002;1.0
11/4/2002;1.0
11/5/2002;1.0
12/3/2002;1.0
12/10/2002;1.0
12/16/2002;2.0
1/14/2003;1.0
1/15/2003;1.5
1/21/2003;1.0
1/22/2003;1.0
1/27/2003;2.0
2/25/2003;1.5
2/26/2003;1.0
3/4/2003;1.8
3/5/2003;1.0
3/10/2003;1.5
3/25/2003;1.0
3/26/2003;2.0
3/31/2003;1.5
4/2/2003;1.0
4/7/2003;1.3333333333333333
4/22/2003;1.3333333333333333
4/23/2003;2.0
4/29/2003;1.5
5/5/2003;1.5
5/19/2003;1.4
5/27/2003;1.4
6/2/2003;1.75
6/9/2003;1.8
6/16/2003;1.5
6/23/2003;1.4
6/26/2003;1.6
10/20/2003;1.0
11/3/2003;1.0
11/12/2003;1.0
12/2/2003;1.0
12/10/2003;2.0
12/15/2003;1.5
1/13/2004;1.3333333333333333
1/14/2004;1.5
1/21/2004;2.0
1/26/2004;1.5
2/23/2004;1.0
2/24/2004;1.5909090909090908
2/25/2004;1.3333333333333333
3/2/2004;1.5
3/8/2004;1.5
3/23/2004;1.5
3/24/2004;1.0
3/30/2004;1.5
3/31/2004;1.0
4/19/2004;1.0
4/21/2004;1.0
4/28/2004;1.0
5/3/2004;1.25
5/17/2004;1.8
5/24/2004;1.5
6/1/2004;1.0
6/7/2004;1.5
6/14/2004;1.3461538461538463
6/21/2004;1.5
6/24/2004;1.4
6/28/2004;1.5
6/29/2004;2.0
11/9/2004;1.5
11/15/2004;2.0
11/30/2004;1.0
12/6/2004;1.0
12/8/2004;2.0
12/13/2004;1.2
1/11/2005;1.0
1/12/2005;1.6666666666666667
1/24/2005;1.25
2/22/2005;2.0
2/23/2005;2.0
3/1/2005;2.0
3/2/2005;2.0
3/7/2005;2.0
3/22/2005;1.0
3/29/2005;1.5
3/30/2005;2.0
4/4/2005;1.5
4/19/2005;1.0
4/26/2005;1.5
4/27/2005;1.0
5/16/2005;2.0
5/23/2005;1.4
5/31/2005;2.0
6/6/2005;2.0
6/13/2005;1.6666666666666667
6/20/2005;1.5
6/23/2005;1.6666666666666667
6/27/2005;1.1666666666666667
10/11/2005;2.0
10/17/2005;1.0
10/31/2005;1.5
11/8/2005;1.5
11/14/2005;1.0
11/28/2005;1.0
11/29/2005;2.0
12/6/2005;1.0
12/7/2005;1.5
1/10/2006;1.3333333333333333
1/11/2006;1.0
1/17/2006;2.0
1/18/2006;1.3333333333333333
1/23/2006;1.5
2/21/2006;1.8
2/22/2006;1.25
2/28/2006;1.0
3/1/2006;1.0
3/6/2006;1.0
3/21/2006;1.5
3/22/2006;2.0
4/17/2006;1.0
4/24/2006;2.0
4/25/2006;1.0
4/26/2006;1.5
5/1/2006;2.0
5/15/2006;1.5
5/22/2006;1.0
5/30/2006;1.0
6/5/2006;1.5
6/12/2006;2.0
6/15/2006;1.25
6/19/2006;1.25
6/22/2006;1.2
6/26/2006;1.2
6/28/2006;1.3333333333333333
6/29/2006;1.5
10/20/2006;1.0
10/13/2006;1.0
12/5/2006;1.5
12/11/2006;1.5
1/19/2007;1.0
1/9/2007;1.5
1/10/2007;1.0
1/17/2007;1.0
1/22/2007;2.0
2/20/2007;1.0
2/21/2007;1.0
2/28/2007;1.0
3/5/2007;1.5
3/20/2007;2.0
3/27/2007;1.0
4/2/2007;2.0
4/17/2007;2.0
4/18/2007;1.0
4/25/2007;2.0
4/30/2007;1.8
5/14/2007;1.0
5/21/2007;1.509433962264151
5/29/2007;1.0
6/4/2007;1.1818181818181819
6/11/2007;1.4
6/14/2007;1.3333333333333333
6/18/2007;1.3333333333333333
6/21/2007;1.0
6/25/2007;1.2
6/28/2007;1.3333333333333333
10/10/2007;2.0
11/5/2007;1.0
12/4/2007;1.0
12/10/2007;2.0
1/7/2008;1.5
1/8/2008;1.0
1/15/2008;1.0
1/16/2008;1.5
1/22/2008;2.0
2/20/2008;2.0
2/26/2008;1.0
2/27/2008;2.0
3/3/2008;2.0
3/18/2008;2.0
3/19/2008;2.0
3/25/2008;1.0
4/15/2008;2.0
4/16/2008;1.3333333333333333
4/23/2008;1.0
4/28/2008;1.0
5/12/2008;1.0
5/19/2008;1.25
5/27/2008;1.6666666666666667
6/2/2008;2.0
6/9/2008;1.5
6/12/2008;1.4
6/16/2008;1.5
6/19/2008;1.8
6/23/2008;1.6666666666666667
6/25/2008;1.3333333333333333
6/26/2008;1.0
8/5/2008;1.0
12/28/2007;
10/14/2008;2.0
10/17/2008;2.0
11/12/2008;1.0
11/17/2008;1.0
12/2/2008;1.0
12/15/2008;1.0
1/13/2009;2.0
1/14/2009;1.0
1/21/2009;1.6
1/26/2009;1.6666666666666667
2/24/2009;1.0
2/25/2009;1.0
3/3/2009;1.5
3/4/2009;1.0
3/9/2009;1.0
3/24/2009;1.0
3/25/2009;1.0
3/31/2009;1.0
4/1/2009;1.3333333333333333
4/6/2009;1.5
4/21/2009;1.6666666666666667
4/22/2009;2.0
4/28/2009;1.5
4/29/2009;1.0
5/4/2009;1.75
5/18/2009;1.0
5/26/2009;1.6666666666666667
6/1/2009;1.0
6/8/2009;1.4
6/9/2009;1.0
6/15/2009;1.0
6/18/2009;1.25
6/22/2009;1.3333333333333333
6/25/2009;1.75
6/29/2009;1.0
12/8/2009;1.25
12/7/2009;1.0
11/30/2009;2.0
11/16/2009;1.0
11/9/2009;1.0
10/20/2009;2.0
1/25/2010;1.5
1/21/2010;1.0
1/20/2010;1.5
1/19/2010;2.0
1/13/2010;1.0
1/12/2010;1.0
1/11/2010;1.0
2/24/2010;1.0
2/23/2010;1.5
2/22/2010;1.5
3/2/2010;1.3333333333333333
3/1/2010;2.0
3/8/2010;2.0
3/31/2010;2.0
3/30/2010;1.3333333333333333
3/23/2010;2.0
5/3/2010;1.0
4/28/2010;1.0
4/27/2010;2.0
4/21/2010;1.3333333333333333
4/20/2010;2.0
5/17/2010;1.75
5/24/2010;1.7142857142857142
6/1/2010;1.4
6/7/2010;1.6666666666666667
6/27/2011;1.6
6/14/2010;1.75
6/17/2010;1.4
6/21/2010;1.0
6/24/2010;1.7142857142857142
6/28/2010;1.5
6/29/2010;2.0
1/4/2010;1.0
11/8/2010;1.0
11/15/2010;1.0
11/30/2010;1.0
12/13/2010;2.0
1/10/2011;1.0
1/11/2011;1.5
1/19/2011;1.0
1/24/2011;1.5
2/22/2011;1.5
2/23/2011;1.0
2/28/2011;1.0
3/1/2011;1.6666666666666667
3/2/2011;2.0
3/7/2011;2.0
3/21/2011;1.0
3/22/2011;2.0
3/29/2011;1.0
4/4/2011;1.0
4/20/2011;1.0
4/19/2011;2.0
5/2/2011;1.0
4/27/2011;1.0
4/26/2011;1.0
5/16/2011;1.0
5/23/2011;1.5
5/26/2011;1.75
5/31/2011;2.0
6/6/2011;1.25
6/9/2011;1.5
6/13/2011;1.0
6/16/2011;1.6
6/20/2011;1.25
6/23/2011;2.0
7/7/2011;1.0
10/31/2011;1.0
11/8/2011;1.0
11/7/2011;1.0
1/10/2012;1.25
1/11/2012;1.6666666666666667
12/12/2011;1.5
1/18/2012;1.6666666666666667
1/23/2012;2.0
1/20/2012;1.0
2/21/2012;1.0
2/22/2012;1.3333333333333333
2/29/2012;2.0
3/5/2012;1.0
3/20/2012;1.5
3/26/2012;1.5
3/21/2012;2.0
3/28/2012;1.6666666666666667
4/2/2012;1.0
4/17/2012;1.5
4/18/2012;1.5
4/24/2012;2.0
4/25/2012;1.0
5/14/2012;2.0
5/21/2012;1.0
5/24/2012;1.0
5/29/2012;1.0
6/4/2012;1.0
6/11/2012;1.0
6/18/2012;1.25
6/21/2012;1.75
6/25/2012;1.6666666666666667
6/28/2012;2.0
12/4/2012;1.0
11/5/2012;2.0
11/26/2012;1.0
11/13/2012;1.0
12/10/2012;2.0
1/9/2013;1.0
1/8/2013;1.0
1/15/2013;2.0
1/22/2013;2.0
2/19/2013;1.75
2/20/2013;1.4
2/26/2013;1.0
2/27/2013;2.0
3/4/2013;1.0
3/19/2013;2.0
3/20/2013;2.0
3/26/2013;2.0
3/27/2013;1.0
4/1/2013;1.0
4/16/2013;1.0
4/17/2013;1.5
4/23/2013;2.0
4/29/2013;1.0
5/13/2013;1.6666666666666667
5/20/2013;1.5
5/28/2013;2.0
6/3/2013;1.3333333333333333
6/10/2013;1.6666666666666667
6/13/2013;1.5
6/17/2013;1.6
6/20/2013;1.6666666666666667
6/24/2013;1.3333333333333333
6/25/2013;1.3333333333333333
6/26/2013;1.6666666666666667
10/15/2013;2.0
11/4/2013;1.0
11/5/2013;1.0
12/2/2013;1.0
12/3/2013;2.0
12/10/2013;1.5
12/11/2013;1.0
12/16/2013;1.0
1/14/2014;1.5
1/15/2014;1.0
1/22/2014;2.0
1/27/2014;1.6666666666666667
2/24/2014;2.0
2/25/2014;1.3333333333333333
2/26/2014;1.5
3/4/2014;2.0
3/5/2014;1.6666666666666667
3/25/2014;2.0
3/26/2014;1.0
4/2/2014;1.5
4/22/2014;1.0
4/23/2014;1.0
4/29/2014;2.0
5/5/2014;1.3333333333333333
5/19/2014;2.0
5/27/2014;1.6
6/2/2014;2.0
6/9/2014;1.6666666666666667
6/12/2014;1.5
6/16/2014;2.0
6/23/2014;1.3333333333333333
6/25/2014;1.3333333333333333
6/26/2014;1.0
6/30/2014;1.5
7/1/2014;2.0
6/19/2014;1.6666666666666667
12/15/2014;1.5
1/20/2015;1.6666666666666667
12/9/2014;1.0
2/25/2015;2.0
1/14/2015;1.5
6/8/2015;2.0
3/24/2015;1.0
1/21/2015;2.0
1/13/2015;1.5
6/26/2015;2.0
3/25/2015;2.0
1/26/2015;1.0
3/4/2015;2.0
5/18/2015;1.6666666666666667
3/9/2015;2.0
6/1/2015;1.6
3/3/2015;1.0
4/22/2015;1.0
5/26/2015;1.3333333333333333
6/18/2015;1.5
3/31/2015;1.0
6/25/2015;2.0
4/21/2015;1.5
6/15/2015;1.3333333333333333
6/29/2015;1.3333333333333333
6/22/2015;1.75
4/29/2015;2.0
5/4/2015;1.0
3/30/2015;1.5
10/6/2014;1.0
11/10/2014;1.5
11/17/2014;1.0
12/1/2015;1.0
3/22/2016;1.6666666666666667
5/2/2016;1.0
12/14/2015;1.0
1/20/2016;1.5
1/25/2016;1.6666666666666667
1/12/2016;1.5
5/16/2016;1.1666666666666667
5/23/2016;1.6666666666666667
3/1/2016;1.5
5/19/2016;1.0
12/8/2015;2.0
6/16/2016;1.3333333333333333
3/30/2016;2.0
6/23/2016;1.8
4/19/2016;1.5
4/20/2016;2.0
4/4/2016;1.6666666666666667
3/29/2016;2.0
6/9/2016;1.6666666666666667
4/26/2016;2.0
3/7/2016;1.6666666666666667
6/20/2016;1.2
6/13/2016;1.0
6/27/2016;1.6666666666666667
6/6/2016;1.5
4/18/2016;2.0
5/31/2016;1.3333333333333333
3/21/2016;2.0
10/5/2015;1.0
11/9/2015;1.0
12/6/2016;1.6666666666666667
3/6/2017;1.6666666666666667
4/19/2017;1.5
3/21/2017;1.6666666666666667
2/22/2017;2.0
3/22/2017;1.3333333333333333
5/1/2017;1.5
1/18/2017;2.0
6/12/2017;1.4
11/29/2016;1.0
10/11/2016;2.0
3/28/2017;2.0
3/1/2017;2.0
5/22/2017;1.6666666666666667
4/25/2017;1.0
3/29/2017;2.0
4/18/2017;1.5
5/15/2017;1.3333333333333333
6/19/2017;1.5
12/12/2016;1.0
6/26/2017;1.4
4/3/2017;1.5
5/30/2017;1.5
1/9/2017;1.0
6/23/2017;2.0
6/5/2017;1.0
6/22/2017;1.3333333333333333
4/17/2018;1.6666666666666667
5/21/2018;1.5
2/27/2018;1.3333333333333333
6/18/2018;1.4
2/21/2018;1.25
1/22/2018;1.3333333333333333
11/8/2017;2.0
4/24/2018;1.6666666666666667
3/21/2018;2.0
3/5/2018;2.0
6/11/2018;1.5
3/20/2018;2.0
6/4/2018;1.4
6/22/2018;1.5
5/14/2018;1.4
11/6/2017;1.0
3/27/2018;2.0
4/2/2018;1.0
6/26/2018;1.0
6/14/2018;2.0
6/25/2018;1.0
6/27/2018;1.0
5/29/2018;2.0
1/8/2018;2.0
2/20/2018;1.0
6/21/2018;1.6666666666666667
6/28/2018;1.6666666666666667
11/6/2018;2.0
11/27/2018;1.0
2/27/2019;2.0
6/21/2019;1.5
1/15/2019;1.5
12/10/2018;1.0
3/19/2019;1.6666666666666667
4/24/2019;1.0
1/8/2019;1.5
6/17/2019;1.0
3/26/2019;1.0
3/4/2019;2.0
4/1/2019;1.0
5/13/2019;2.0
5/20/2019;1.6666666666666667
2/20/2019;1.5
3/27/2019;2.0
2/26/2019;1.0
5/28/2019;1.5
1/22/2019;2.0
3/20/2019;1.0
4/29/2019;2.0
6/3/2019;1.75
6/10/2019;1.0
6/26/2019;2.0
6/20/2019;1.6666666666666667
1/7/2019;1.0
2/25/2019;1.0
2/19/2019;2.0
6/24/2019;1.5
6/27/2019;1.3333333333333333
3/23/2020;1.4
4/20/2020;1.6666666666666667
12/11/2019;1.0
6/15/2020;1.6666666666666667
6/1/2020;1.6
12/10/2019;1.0
3/3/2020;1.0
4/23/2020;1.3333333333333333
4/6/2020;1.5
3/30/2020;2.0
2/25/2020;1.0
6/18/2020;2.0
1/14/2020;2.0
4/27/2020;1.5
2/26/2020;1.6666666666666667
5/18/2020;2.0
5/7/2020;1.5
5/14/2020;2.0
6/30/2020;1.0
6/29/2020;1.6666666666666667
11/25/2019;1.0
7/9/2020;1.6666666666666667
7/8/2020;1.5
7/6/2020;2.0
2/24/2020;2.0
6/8/2020;1.0
6/25/2020;1.0
6/22/2020;1.0
12/10/2020;1.5
3/25/2021;2.0
4/5/2021;2.0
1/14/2021;1.0
3/4/2021;1.0
2/3/2021;1.3333333333333333
6/10/2021;2.0
4/22/2021;1.3333333333333333
6/17/2021;1.0
2/25/2021;1.0
4/29/2021;2.0
6/3/2021;2.0
5/17/2021;1.5
4/1/2021;1.0
1/25/2021;
6/23/2021;1.75
6/29/2021;1.6666666666666667
3/8/2021;2.0
12/18/2020;1.0
11/2/2020;2.0
12/14/2020;1.0
6/1/2021;1.5
7/1/2021;1.5
6/21/2021;1.5
6/25/2021;1.0
6/7/2021;1.0
5/27/2021;1.0
5/24/2021;1.5
6/14/2021;1.0
3/29/2021;1.0
4/26/2021;1.0
7/2/2021;1.0
6/28/2021;1.5
3/7/2022;2.0
4/21/2022;1.2
1/20/2022;2.0
3/3/2022;1.5
4/4/2022;2.0
3/4/2022;1.0
1/13/2022;1.3333333333333333
5/23/2022;1.5
3/24/2022;1.5
3/31/2022;2.0
6/23/2022;1.25
2/24/2022;1.0
6/13/2022;1.0
6/24/2022;1.0
1/24/2022;2.0
4/28/2022;1.0
5/16/2022;1.0
6/21/2022;1.4
6/15/2022;1.4
6/6/2022;1.6666666666666667
10/18/2021;1.0
12/10/2021;1.0
5/2/2022;2.0
6/27/2022;1.6666666666666667
6/30/2022;1.5
6/8/2022;1.0
6/29/2022;1.5
5/25/2023;1.0
1/23/2023;1.0
6/8/2023;1.75
4/19/2023;1.3333333333333333
5/11/2023;1.8
5/18/2023;1.5
2/22/2023;1.6666666666666667
6/29/2023;1.6666666666666667
6/22/2023;1.25
2/28/2023;1.0
4/14/2023;2.0
6/27/2023;1.6666666666666667
6/15/2023;1.6666666666666667
6/30/2023;1.0
6/16/2023;1.5
3/28/2023;2.0
6/1/2023;1.3333333333333333
3/21/2023;2.0
6/23/2023;1.0
5/22/2023;1.0
